Date,^IRX,GLD,SLV,GSG,BIL,SHY,TLT,EWY,EWJ,FXI,FEZ,TSLA,NVDA,MSFT,PLTR,IONQ,AMD,AVGO,SMCI,TSM,GOOG,INTC,AMZN,META,AAPL,MU,LLY,MARA,GME,O
2015-01-31,0.004999999888241291,123.44999694824219,16.540000915527344,19.700000762939453,76.85369873046875,71.85362243652344,106.00733184814453,46.00286102294922,38.81357955932617,32.34468460083008,27.638717651367188,13.573332786560059,0.46077999472618103,34.55833435058594,,,2.569999933242798,7.817651271820068,3.6570000648498535,17.114543914794922,26.527179718017578,25.349252700805664,17.726499557495117,75.55391693115234,26.028076171875,28.614986419677734,59.28498840332031,118.23999786376953,6.558751106262207,32.81550216674805
2015-02-28,0.00800000037997961,116.16000366210938,15.869999885559082,20.8700008392334,76.85369873046875,71.64468383789062,99.50020599365234,46.81297302246094,41.71868896484375,34.321128845214844,29.41437339782715,13.555999755859375,0.5314554572105408,37.77642822265625,,,3.109999895095825,9.697593688964844,4.01800012588501,18.48612403869629,27.712299346923828,25.693357467651367,19.007999420166016,78.59956359863281,28.65110206604004,29.98365592956543,58.19083023071289,117.44000244140625,6.878781318664551,30.359825134277344
2015-03-31,0.02500000037252903,113.66000366210938,15.930000305175781,19.5,76.85369873046875,71.82321166992188,100.58699035644531,47.31721878051758,42.326725006103516,34.823081970214844,29.11825942993164,12.584667205810547,0.5042323470115662,35.02825927734375,,,2.680000066757202,9.677445411682129,3.321000099182129,17.694828033447266,27.1961669921875,24.163341522216797,18.604999542236328,81.83431243896484,27.752267837524414,26.522871017456055,60.24745559692383,92.95999908447266,7.127650737762451,31.41066551208496
2015-04-30,0.004999999888241291,113.47000122070312,15.430000305175781,21.6299991607666,76.83689880371094,71.84609985351562,97.14167022705078,50.56594467163086,43.44148635864258,40.25830841064453,29.71832275390625,15.069999694824219,0.5348283052444458,41.902957916259766,,,2.259999990463257,8.907699584960938,2.877000093460083,18.418296813964844,26.740345001220703,25.152437210083008,21.089000701904297,78.40049743652344,27.912858963012695,27.500492095947266,59.600650787353516,92.16000366210938,7.236556053161621,28.703475952148438
2015-05-31,0.003000000026077032,114.0999984741211,15.989999771118164,21.15999984741211,76.82010650634766,71.875732421875,94.83707427978516,47.7801399230957,44.08331298828125,38.242637634277344,29.27577781677246,16.719999313354492,0.5356100797653198,40.631874084472656,,,2.2799999713897705,11.284764289855957,3.3459999561309814,18.297719955444336,26.480077743530273,26.820911407470703,21.46150016784668,78.81853485107422,29.17839813232422,27.30497169494629,65.88298797607422,80.31999969482422,8.150982856750488,27.962345123291016
2015-06-30,0.009999999776482582,112.37000274658203,15.029999732971191,21.110000610351562,76.82010650634766,71.89862823486328,90.97528839111328,45.55646896362305,43.492366790771484,36.34298324584961,28.648317337036133,17.884000778198242,0.48671993613243103,38.28205108642578,,,2.4000000953674316,10.159529685974121,2.9579999446868896,17.65857696533203,25.90281105041504,23.676504135131836,21.704500198364258,85.36766052246094,28.0921573638916,18.418392181396484,69.71574401855469,46.400001525878906,8.132819175720215,27.353918075561523
2015-07-31,0.057999998331069946,104.93000030517578,14.079999923706055,18.1200008392334,76.82010650634766,71.93081665039062,95.11101531982422,42.3077507019043,43.89979934692383,31.912450790405273,29.52851104736328,17.74333381652832,0.4828474819660187,40.49312210083008,,,1.9299999475479126,9.564159393310547,2.6670000553131104,17.19203758239746,31.133037567138672,22.53236961364746,26.8075008392334,93.56900787353516,27.16717529296875,18.095775604248047,70.56745147705078,48.15999984741211,8.679926872253418,29.8758487701416
2015-08-31,0.003000000026077032,108.81999969482422,13.989999771118164,18.170000076293945,76.82010650634766,71.89519500732422,94.45526885986328,39.546749114990234,41.14969253540039,28.3096923828125,27.377782821655273,16.604000091552734,0.5463699698448181,37.98462677001953,,,1.809999942779541,9.62759017944336,2.734999895095825,15.458062171936035,30.766775131225586,22.397790908813477,25.644500732421875,89.01048278808594,25.368812561035156,16.04277229309082,69.1778335571289,36.47999954223633,8.041949272155762,27.762378692626953
2015-09-30,0.004999999888241291,106.86000061035156,13.869999885559082,17.079999923706055,76.78649139404297,72.10731506347656,96.31303405761719,40.323795318603516,38.807010650634766,27.962814331054688,25.956941604614258,16.559999465942383,0.5991113185882568,38.63050079345703,,,1.7200000286102295,9.584175109863281,2.7260000705718994,16.134540557861328,30.277589797973633,23.653451919555664,25.594499588012695,89.47828674316406,24.815357208251953,14.644770622253418,70.30352020263672,29.600000381469727,7.869443893432617,29.560745239257812
2015-10-31,0.06800000369548798,109.30000305175781,14.800000190734863,17.06999969482422,76.7696762084961,72.00540924072266,95.91934204101562,44.95301818847656,41.82872772216797,30.17020034790039,28.081043243408203,13.795332908630371,0.6895247101783752,45.944644927978516,,,2.119999885559082,9.440042495727539,2.821000099182129,17.07539176940918,35.37295913696289,26.572845458984375,31.295000076293945,101.49166870117188,26.885181427001953,16.189411163330078,68.52259063720703,27.360000610351562,8.797508239746094,30.9688663482666
2015-11-30,0.17000000178813934,101.91999816894531,13.4399995803833,15.510000228881836,76.78649139404297,71.81946563720703,95.08708190917969,43.663448333740234,42.03244400024414,29.523752212524414,27.697635650634766,15.350666999816895,0.7738730907440186,47.75687789916992,,,2.359999895095825,10.001249313354492,2.4560000896453857,17.69745445251465,36.95497131347656,27.479223251342773,33.2400016784668,103.75101470947266,26.7291316986084,15.573514938354492,69.3543930053711,27.84000015258789,6.689313888549805,31.189128875732422
2015-12-31,0.14800000190734863,101.45999908447266,13.1899995803833,14.229999542236328,76.7696762084961,71.71243286132812,94.80447387695312,42.04879379272461,41.45115280151367,28.430068969726562,26.513477325439453,16.000667572021484,0.8041253685951233,48.74980163574219,,,2.869999885559082,11.162537574768066,2.4509999752044678,17.68967628479004,37.76512908935547,27.2263240814209,33.794498443603516,104.16905212402344,23.782827377319336,13.843120574951172,71.23109436035156,25.600000381469727,5.410106182098389,32.57176208496094
2016-01-31,0.30000001192092896,106.94999694824219,13.59000015258789,13.479999542236328,76.78649139404297,72.17999267578125,100.08798217773438,40.41493225097656,39.330711364746094,25.135112762451172,24.896331787109375,12.74666690826416,0.7145883440971375,48.407108306884766,,,2.200000047683716,10.282763481140137,2.9779999256134033,17.3786563873291,36.97237777709961,24.515546798706055,29.350000381469727,111.68363189697266,21.993356704711914,10.78316593170166,66.86898803710938,28.799999237060547,5.057020664215088,35.32380676269531
2016-02-29,0.30799999833106995,118.63999938964844,14.199999809265137,13.199999809265137,76.78649139404297,72.26072692871094,103.1766586303711,39.441383361816406,37.244483947753906,24.393949508666992,23.82593536376953,12.795332908630371,0.7678776383399963,45.0288200378418,,,2.140000104904175,10.30275821685791,3.246999979019165,18.311731338500977,34.724029541015625,23.591222763061523,27.625999450683594,106.41844940185547,21.96503448486328,10.392119407653809,61.29075241088867,35.20000076293945,5.94648551940918,37.18806457519531
2016-03-31,0.19300000369548798,117.63999938964844,14.680000305175781,13.789999961853027,76.78649139404297,72.36028289794922,103.08040618896484,44.715476989746094,39.022911071777344,27.205541610717773,25.638141632080078,15.317999839782715,0.8724322319030762,48.878578186035156,,,2.8499999046325684,11.920930862426758,3.4079999923706055,20.372285842895508,37.07191467285156,25.79169273376465,29.68199920654297,113.56477355957031,24.75922203063965,10.235698699951172,61.299251556396484,31.84000015258789,6.192104816436768,39.836151123046875
2016-04-30,0.19300000369548798,123.6500015258789,16.979999542236328,15.220000267028809,76.82010650634766,72.38668823242188,102.3211898803711,44.23292922973633,39.0571174621582,27.01219367980957,26.30937957763672,16.05066680908203,0.8699837327003479,44.13496398925781,,,3.549999952316284,11.245796203613281,2.690999984741211,18.34283447265625,34.48715591430664,24.14134407043457,32.97949981689453,117.02845001220703,21.294889450073242,10.509431838989258,64.29572296142578,28.639999389648438,6.400915145874023,37.85346221923828
2016-05-31,0.28299999237060547,116.05999755859375,15.1899995803833,15.420000076293945,76.82010650634766,72.3006362915039,103.1452865600586,42.12498474121094,40.322540283203125,27.108869552612305,26.147357940673828,14.881999969482422,1.1469515562057495,47.23308181762695,,,4.570000171661377,11.910124778747559,2.624000072479248,19.221485137939453,36.61258316040039,25.40331268310547,36.13949966430664,118.25267791748047,22.82328224182129,12.435346603393555,64.29659271240234,42.880001068115234,5.67886209487915,38.55061721801758
2016-06-30,0.24799999594688416,126.47000122070312,17.860000610351562,15.520000457763672,76.80332946777344,72.73632049560547,110.2976303100586,44.08054733276367,39.640560150146484,27.771011352539062,24.68143081665039,14.152000427246094,1.1540707349777222,45.60219955444336,,,5.139999866485596,12.028197288513184,2.484999895095825,21.161142349243164,34.44186782836914,26.376352310180664,35.78099822998047,113.74392700195312,21.849641799926758,13.452073097229004,67.48442077636719,43.84000015258789,5.2549967765808105,44.628631591796875
2016-07-31,0.23999999463558197,128.97999572753906,19.350000381469727,13.960000038146973,76.83689880371094,72.70218658447266,112.61656188964844,47.11970901489258,41.57089614868164,28.752967834472656,25.790006637573242,15.652667045593262,1.4017748832702637,50.51267623901367,,,6.860000133514404,12.537498474121094,2.1549999713897705,22.411609649658203,38.2582893371582,28.032909393310547,37.94049835205078,123.3586196899414,23.817485809326172,13.43252182006836,71.03217315673828,47.36000061035156,6.118967533111572,46.118831634521484
2016-08-31,0.3199999928474426,124.77999877929688,17.719999313354492,14.239999771118164,76.83689880371094,72.53231811523438,111.47526550292969,47.703834533691406,42.32923126220703,30.067676544189453,26.011716842651367,14.133999824523926,1.508640170097351,51.52696990966797,,,7.400000095367432,13.655180931091309,2.1630001068115234,23.186094284057617,38.17170333862305,29.0799617767334,38.45800018310547,125.52838134765625,24.380815505981445,16.120981216430664,67.05199432373047,46.08000183105469,5.612842082977295,42.54433822631836
2016-09-30,0.25999999046325684,125.63999938964844,18.200000762939453,14.819999694824219,76.85369873046875,72.62628936767578,109.7937240600586,49.210723876953125,43.2254524230957,30.84674644470215,26.047452926635742,13.60200023651123,1.6852301359176636,51.652503967285156,,,6.909999847412109,13.393585205078125,2.3369998931884766,24.6785831451416,38.6812858581543,30.587047576904297,41.865501403808594,127.66830444335938,25.97786521911621,17.382112503051758,69.21665954589844,44.959999084472656,5.526757717132568,43.448577880859375
2016-10-31,0.29499998688697815,121.94000244140625,16.969999313354492,14.5600004196167,76.87052154541016,72.59121704101562,104.9841079711914,46.857276916503906,43.53567886352539,29.91347312927246,25.896377563476562,13.182000160217285,1.7501599788665771,53.73295593261719,,,7.230000019073486,13.219687461853027,2.369999885559082,25.090030670166016,39.04207992553711,28.25350570678711,39.49100112915039,130.3755340576172,26.0904541015625,16.775989532470703,63.68000411987305,35.20000076293945,4.817634582519531,38.5883674621582
2016-11-30,0.46799999475479126,111.75,15.65999984741211,14.920000076293945,76.83689880371094,72.25006866455078,96.36097717285156,45.087955474853516,42.99277877807617,30.50589942932129,24.950212478637695,12.626667022705078,2.2710280418395996,54.402896881103516,,,8.90999984741211,13.235986709594727,2.734999895095825,23.952512741088867,37.723323822021484,28.328638076782227,37.528499603271484,117.86449432373047,25.52688217163086,19.092952728271484,58.263702392578125,28.959999084472656,5.019686222076416,36.243011474609375
2016-12-31,0.47999998927116394,109.61000061035156,15.109999656677246,15.670000076293945,76.85374450683594,72.30232238769531,95.91519927978516,45.596107482910156,42.59595489501953,28.732511520385742,26.688329696655273,14.246000289916992,2.6291697025299072,56.10017395019531,,,11.34000015258789,13.80198860168457,2.805000066757202,23.19415855407715,38.40907669067383,29.610366821289062,37.493499755859375,114.51032257080078,26.75102424621582,21.429468154907227,63.845279693603516,27.520000457763672,5.1355719566345215,37.71310806274414
2017-01-31,0.5,115.55000305175781,16.6299991607666,15.430000305175781,76.88736724853516,72.37937927246094,96.69619750976562,49.588558197021484,44.08671951293945,30.37152671813965,27.1350040435791,16.795333862304688,2.6892714500427246,58.366214752197266,,,10.369999885559082,15.576719284057617,2.6449999809265137,24.93674659729004,39.65169143676758,30.059371948242188,41.17399978637695,129.7086944580078,28.028289794921875,23.570463180541992,66.86610412597656,28.0,4.979024410247803,39.263145446777344
2017-02-28,0.5230000019073486,119.2300033569336,17.3700008392334,15.449999809265137,76.92604064941406,72.40596008300781,98.22843933105469,50.171138763427734,44.66211700439453,31.621482849121094,27.270597457885742,16.666000366210938,2.502763032913208,58.11151885986328,,,14.460000038146973,16.469161987304688,2.5999999046325684,25.388534545898438,40.96646499633789,29.764205932617188,42.25199890136719,134.9041748046875,31.77786636352539,22.915451049804688,72.36720275878906,22.399999618530273,4.968859672546387,40.4847412109375
2017-03-31,0.7379999756813049,118.72000122070312,17.25,14.819999694824219,76.91259002685547,72.45223999023438,97.5849380493164,53.00697326660156,44.89749526977539,31.861543655395508,29.05060577392578,18.553333282470703,2.68649959564209,59.81907653808594,,,14.550000190734863,17.173667907714844,2.5350000858306885,26.493783950805664,41.282470703125,29.657312393188477,44.32699966430664,141.38365173339844,33.32509994506836,28.253263473510742,73.50328063964844,16.31999969482422,4.655367851257324,39.4695930480957
2017-04-30,0.7799999713897705,120.7699966430664,16.299999237060547,14.430000305175781,76.96977996826172,72.5877456665039,99.12014770507812,53.20402908325195,45.211341857910156,31.894649505615234,30.233407974243164,20.937999725341797,2.5723118782043457,62.18059158325195,,,13.300000190734863,17.318767547607422,2.440000057220459,26.679336547851562,45.0844612121582,29.723087310791016,46.2495002746582,149.54518127441406,33.32279586791992,27.05078887939453,71.71176147460938,8.640000343322754,4.68427038192749,38.82559585571289
2017-05-31,0.949999988079071,120.62000274658203,16.389999389648438,14.260000228881836,76.98164367675781,72.64097595214844,100.99140930175781,58.01894760131836,46.4580078125,33.22739791870117,31.600027084350586,22.733999252319336,3.5637998580932617,63.797607421875,,,11.1899995803833,18.783109664916992,2.4600000381469727,28.52680206298828,48.01557540893555,29.911069869995117,49.73099899291992,150.74952697753906,35.58232498168945,30.081417083740234,69.98478698730469,3.680000066757202,4.570724010467529,36.690250396728516
2017-06-30,0.9929999709129333,118.0199966430664,15.710000038146973,14.020000457763672,77.06080627441406,72.5843276977539,101.7911148071289,58.09605407714844,47.07305145263672,33.01620864868164,31.2718448638916,24.107332229614258,3.5689847469329834,62.96634292602539,,,12.479999542236328,18.356630325317383,2.4649999141693115,29.123058319091797,45.22230911254883,27.947927474975586,48.400001525878906,150.2717742919922,33.54652404785156,29.19178581237793,72.38594055175781,6.079999923706055,4.537364482879639,36.995277404785156
2017-07-31,1.0529999732971191,120.75,15.899999618530273,14.609999656677246,77.0860824584961,72.71923828125,101.12100219726562,59.71530532836914,48.04697036743164,35.369171142578125,32.28793716430664,21.564666748046875,4.012145042419434,66.41016387939453,,,13.609999656677246,19.428646087646484,2.684999942779541,29.956096649169922,46.30567932128906,29.380949020385742,49.388999938964844,168.45606994628906,34.643619537353516,27.490720748901367,72.7025375366211,4.960000038146973,4.554161548614502,38.39619064331055
2017-08-31,0.9779999852180481,125.81999969482422,16.649999618530273,14.460000038146973,77.17379760742188,72.86639404296875,104.56793212890625,58.6615104675293,48.00309753417969,36.7826042175293,32.32858657836914,23.726667404174805,4.186918258666992,68.66498565673828,,,13.0,19.854772567749023,2.6630001068115234,30.79747772216797,46.745094299316406,29.267675399780273,49.029998779296875,171.16329956054688,38.3504638671875,31.254562377929688,71.95359802246094,7.039999961853027,3.8843703269958496,38.876888275146484
2017-09-30,1.027999997138977,121.58000183105469,15.739999771118164,14.899999618530273,77.2295150756836,72.7303466796875,102.138916015625,59.16698455810547,48.880516052246094,36.616310119628906,33.64674758911133,22.739999771118164,4.417466163635254,68.4078369140625,,,12.75,19.18221664428711,2.2100000381469727,31.28063201904297,47.72943115234375,31.779674530029297,48.067501068115234,170.06846618652344,36.04008865356445,38.449859619140625,75.7154769897461,6.880000114440918,4.424838066101074,38.76913833618164
2017-10-31,1.1230000257492065,120.66999816894531,15.789999961853027,15.479999542236328,77.2835693359375,72.66397857666016,102.09949493408203,64.05044555664062,51.4600944519043,38.18772888183594,33.97303771972656,22.101999282836914,5.110345363616943,76.38829803466797,,,10.989999771118164,20.872350692749023,1.9900000095367432,35.262577056884766,50.59237289428711,37.96369934082031,55.263999938964844,179.21534729003906,39.52902603149414,43.31840896606445,72.5289535522461,6.159999847412109,4.002914905548096,36.525875091552734
2017-11-30,1.2380000352859497,121.0999984741211,15.510000228881836,15.680000305175781,77.3258285522461,72.5069351196289,102.85832977294922,64.38458251953125,52.56562423706055,38.387271881103516,33.76095199584961,20.59000015258789,4.963059425354004,77.68563842773438,,,10.890000343322754,21.98196792602539,2.2049999237060547,32.988380432128906,50.82974624633789,37.643001556396484,58.837501525878906,176.34886169433594,40.330596923828125,41.441383361816406,75.39195251464844,16.68000030517578,4.095492839813232,37.77958297729492
2017-12-31,1.3550000190734863,123.6500015258789,15.989999771118164,16.280000686645508,77.38336944580078,72.4922866821289,104.72270965576172,66.1014633178711,52.93157196044922,39.150428771972656,33.308616638183594,20.75666618347168,4.784772872924805,78.9500961303711,,,10.279999732971191,20.452632904052734,2.0929999351501465,33.03002166748047,52.0733528137207,38.751136779785156,58.4734992980957,175.63223266601562,39.71573257446289,40.19979476928711,75.23163604736328,16.399999618530273,3.9207515716552734,39.100433349609375
2018-01-31,1.4299999475479126,127.6500015258789,16.350000381469727,16.889999389648438,77.48493957519531,72.28478240966797,101.31343841552734,69.02146911621094,55.59007263183594,44.66217803955078,35.624107360839844,23.62066650390625,6.078020095825195,87.6905746459961,,,13.739999771118164,19.746458053588867,2.2829999923706055,37.74502182006836,58.22123718261719,40.413333892822266,72.54450225830078,186.01332092285156,39.293296813964844,42.74161911010742,72.5505142211914,12.84000015258789,3.671746015548706,36.62697219848633
2018-02-28,1.6180000305175781,125.0,15.460000038146973,16.270000457763672,77.54934692382812,72.21212005615234,98.23202514648438,63.59607696533203,53.93844985961914,40.04079055786133,33.177696228027344,22.87066650390625,5.987776279449463,86.9526138305664,,,12.109999656677246,19.62146759033203,1.809999942779541,36.112266540527344,54.97610855102539,41.65947723388672,75.62249755859375,177.48353576660156,41.97251510620117,47.717708587646484,69.11515045166016,8.920000076293945,3.4271085262298584,34.016563415527344
2018-03-31,1.6699999570846558,125.79000091552734,15.40999984741211,16.649999618530273,77.6502914428711,72.39057922363281,101.04113006591797,66.56019592285156,53.593990325927734,40.057743072509766,33.01074981689453,17.742000579833984,5.730201721191406,84.63439178466797,,,10.050000190734863,19.035749435424805,1.7000000476837158,36.45381164550781,51.3463020324707,44.01756286621094,72.36699676513672,159.04042053222656,39.535972595214844,50.97319030761719,69.42923736572266,4.480000019073486,2.8237292766571045,35.93307876586914
2018-04-30,1.7630000114440918,124.58999633789062,15.380000114440918,17.420000076293945,77.73095703125,72.22056579589844,98.9312744140625,66.6925277709961,53.558658599853516,39.794883728027344,34.10099792480469,19.593332290649414,5.564671039581299,86.72081756591797,,,10.880000114440918,18.53249168395996,1.7699999809265137,32.03037643432617,50.626712799072266,43.6287727355957,78.30650329589844,171.1931610107422,38.942161560058594,44.951045989990234,72.74948120117188,7.239999771118164,3.054192066192627,35.236305236816406
2018-05-31,1.8700000047683716,123.0999984741211,15.460000038146973,17.690000534057617,77.84742736816406,72.47496795654297,100.91423797607422,63.640193939208984,52.76375961303711,39.59984588623047,32.4697265625,18.98200035095215,6.243763446807861,92.05127716064453,,,13.729999542236328,20.362152099609375,2.4100000858306885,32.23862838745117,53.9937629699707,46.923824310302734,81.48100280761719,190.88038635253906,44.20417022705078,56.301231384277344,76.83824157714844,5.559999942779541,2.9535043239593506,37.335487365722656
2018-06-30,1.8799999952316284,118.6500015258789,15.149999618530273,17.90999984741211,77.96321868896484,72.50630187988281,101.56592559814453,59.732154846191406,51.543418884277344,36.919898986816406,32.13106918334961,22.863332748413086,5.865212440490723,91.83708953857422,,,14.989999771118164,19.863239288330078,2.365000009536743,31.56981086730957,55.519535064697266,42.2569465637207,84.98999786376953,193.40846252441406,43.78784942626953,51.266475677490234,77.10026550292969,3.680000066757202,3.3475914001464844,37.83201599121094
2018-07-31,1.9850000143051147,115.98999786376953,14.609999656677246,17.260000228881836,78.07147979736328,72.4627685546875,100.1065444946289,59.335182189941406,52.09524917602539,37.4783821105957,33.530982971191406,19.875999450683594,6.062285423278809,98.79401397705078,,,18.329999923706055,18.154760360717773,2.2100000381469727,35.58512878417969,60.57608413696289,40.8883171081543,88.87200164794922,171.77044677734375,45.01317596435547,51.608646392822266,89.28016662597656,4.199999809265137,3.3108296394348145,39.38108444213867
2018-08-31,2.055000066757202,113.51000213623047,13.649999618530273,17.440000534057617,78.19524383544922,72.71401977539062,101.41998291015625,59.38811111450195,51.819332122802734,36.421566009521484,32.08915710449219,20.110666275024414,6.952925205230713,105.01732635498047,,,25.170000076293945,17.930452346801758,2.0510001182556152,37.64890670776367,60.62236404418945,41.419219970703125,100.635498046875,174.90567016601562,54.03481674194336,51.344688415527344,95.98805236816406,3.9200000762939453,3.0489044189453125,41.51457214355469
2018-09-30,2.1500000953674316,112.76000213623047,13.729999542236328,18.110000610351562,78.30473327636719,72.61003875732422,98.51504516601562,60.226173400878906,53.60836410522461,36.791019439697266,32.11943054199219,17.65133285522461,6.961348056793213,106.92453002929688,,,30.889999389648438,20.349708557128906,2.061000108718872,38.13248062133789,59.39219284057617,40.44426345825195,100.1500015258789,163.68853759765625,53.586158752441406,44.21782684326172,97.4962158203125,2.9200000762939453,3.5896661281585693,40.48320770263672
2018-10-31,2.2780001163482666,115.1500015258789,13.40999984741211,16.989999771118164,78.43830871582031,72.72120666503906,95.62799835205078,51.40441131591797,48.810935974121094,33.75803756713867,29.49246597290039,22.488000869750977,5.222620487213135,99.85669708251953,,,18.209999084472656,18.43292999267578,1.309999942779541,32.89961242675781,53.58469772338867,40.09360885620117,79.90049743652344,151.0779571533203,51.95298767089844,36.87589645385742,98.52287292480469,2.359999895095825,3.4321627616882324,43.043365478515625
2018-11-30,2.308000087738037,115.54000091552734,13.319999694824219,15.109999656677246,78.58412170410156,72.99834442138672,97.33706665039062,53.47751998901367,49.25596237182617,36.10365295410156,29.442108154296875,23.365333557128906,4.052492141723633,104.11894226074219,,,21.299999237060547,19.581012725830078,1.4900000095367432,32.459228515625,54.463539123535156,42.43723678588867,84.50849914550781,139.95040893554688,42.53923034667969,37.69709014892578,108.3327407836914,2.4800000190734863,3.2111876010894775,45.93047332763672
2018-12-31,2.299999952316284,121.25,14.520000457763672,14.020000457763672,78.72775268554688,73.552978515625,103.03469848632812,52.63705825805664,45.4676628112793,33.951019287109375,28.027568817138672,22.18666648864746,3.310333013534546,95.36802673339844,,,18.459999084472656,21.193416595458984,1.3799999952316284,31.872047424316406,51.53639602661133,40.388946533203125,75.09850311279297,130.4750518798828,37.57497787475586,31.019933700561523,105.66643524169922,1.440000057220459,3.0514678955078125,45.33614730834961
2019-01-31,2.3399999141693115,124.75,15.050000190734863,15.1899995803833,78.86549377441406,73.73771667480469,103.42477416992188,57.87751770019531,48.68780517578125,37.47818374633789,29.695568084716797,20.468000411987305,3.5644965171813965,98.05339050292969,,,24.40999984741211,22.357772827148438,1.5099999904632568,32.48514175415039,55.55536651611328,40.55246353149414,85.9365005493164,165.90806579589844,39.64738845825195,37.36470031738281,109.44674682617188,1.3600000143051147,2.741968870162964,49.565208435058594
2019-02-28,2.382999897003174,123.98999786376953,14.630000114440918,15.720000267028809,79.01124572753906,73.80113983154297,102.0011978149414,56.312538146972656,48.75956344604492,37.90386962890625,30.689632415771484,21.325332641601562,3.8290505409240723,105.6385726928711,,,23.530000686645508,22.950363159179688,1.9119999408721924,33.719947814941406,55.732025146484375,45.86741256713867,81.99150085449219,160.69265747070312,41.42266082763672,39.96516799926758,115.94312286376953,2.5199999809265137,2.8290154933929443,50.068748474121094
2019-03-31,2.328000068664551,122.01000213623047,14.180000305175781,15.949999809265137,79.14949035644531,74.26376342773438,107.68437957763672,54.50609588623047,49.08247375488281,38.45987319946289,30.893346786499023,18.657333374023438,4.457047462463379,111.21139526367188,,,25.520000457763672,25.287090301513672,2.11299991607666,35.36924743652344,58.388938903808594,46.50830078125,89.0374984741211,165.90806579589844,45.44171905517578,40.40510559082031,119.12883758544922,2.0799999237060547,2.5399999618530273,53.417572021484375
2019-04-30,2.368000030517578,121.19999694824219,14.020000457763672,16.389999389648438,79.30186462402344,74.39994812011719,105.5402603149414,54.980064392089844,49.71035385131836,38.6510009765625,32.55710220336914,15.912667274475098,4.492793083190918,123.14913940429688,,,27.6299991607666,26.77466583251953,2.242000102996826,37.83887481689453,59.14386749267578,44.204532623291016,96.32599639892578,192.49276733398438,48.00627517700195,41.11876678466797,107.45097351074219,2.950000047683716,2.1624999046325684,51.00550842285156
2019-05-31,2.2929999828338623,123.33000183105469,13.649999618530273,15.010000228881836,79.47014617919922,74.93702697753906,112.75843811035156,49.69489669799805,47.28852462768555,35.07171630859375,30.648439407348633,12.343999862670898,3.3662333488464355,117.05561828613281,,,27.40999984741211,21.160730361938477,1.899999976158142,33.11549758911133,54.92136764526367,38.37559509277344,88.75350189208984,176.63751220703125,42.04327392578125,31.880247116088867,107.03824615478516,2.7300000190734863,1.8949999809265137,51.223751068115234
2019-06-30,2.0350000858306885,133.1999969482422,14.329999923706055,15.649999618530273,79.61441040039062,75.28242492675781,113.82980346679688,53.540279388427734,49.40243148803711,37.53402328491211,33.04008102416992,14.897333145141602,4.081179141998291,126.7850112915039,,,30.3700008392334,24.438594818115234,1.934999942779541,34.9233283996582,53.79072952270508,41.712982177734375,94.68150329589844,192.0946502685547,47.53071594238281,37.72642517089844,102.28363037109375,2.890000104904175,1.3674999475479126,50.577796936035156
2019-07-31,2.0299999713897705,133.2100067138672,15.210000038146973,15.579999923706055,79.75806427001953,75.23439025878906,114.12178039550781,49.542869567871094,49.194252014160156,36.06846618652344,32.048011779785156,16.107332229614258,4.1927571296691895,128.97128295898438,,,30.450000762939453,24.619430541992188,1.8309999704360962,38.00820541381836,60.547218322753906,44.04827880859375,93.33899688720703,193.31887817382812,51.16179656982422,43.885433197021484,100.58488464355469,2.0899999141693115,1.0049999952316284,50.91886901855469
2019-08-31,1.9329999685287476,143.75,17.149999618530273,14.819999694824219,79.89324951171875,75.8226089477539,126.731201171875,47.62911605834961,48.80504608154297,34.33086395263672,31.62529945373535,15.040666580200195,4.166808605194092,130.91058349609375,,,31.450000762939453,23.995431900024414,1.8899999856948853,38.00820541381836,59.12495803833008,41.59107208251953,88.81449890136719,184.79904174804688,50.31962203979492,44.25693893432617,104.88095092773438,1.6699999570846558,0.9925000071525574,54.47040557861328
2019-09-30,1.7699999809265137,138.8699951171875,15.920000076293945,15.050000190734863,80.02255249023438,75.72081756591797,123.33496856689453,50.383487701416016,51.35753631591797,34.9276123046875,32.60240936279297,16.058000564575195,4.329988956451416,132.02162170410156,,,28.989999771118164,23.6533260345459,1.9199999570846558,41.73921203613281,60.66267395019531,45.20539474487305,86.79550170898438,177.24464416503906,53.99101638793945,41.891090393066406,103.82257843017578,1.75,1.3799999952316284,56.755462646484375
2019-10-31,1.4980000257492065,142.42999267578125,16.920000076293945,15.170000076293945,80.15115356445312,75.95775604248047,121.96198272705078,52.69966125488281,53.113502502441406,36.11235046386719,33.83773422241211,20.994667053222656,5.000370979309082,136.14285278320312,,,33.93000030517578,25.09101104736328,2.068000078201294,46.36393356323242,62.7084846496582,49.59171676635742,88.83300018310547,190.7509765625,59.96698760986328,46.48590850830078,105.790771484375,1.350000023841858,1.3600000143051147,60.70586395263672
2019-11-30,1.5399999618530273,137.86000061035156,15.920000076293945,15.229999542236328,80.23792266845703,75.92192077636719,121.4654312133789,52.28829574584961,53.7923583984375,35.92805862426758,34.312870025634766,21.996000289916992,5.395382404327393,144.23818969726562,,,39.150001525878906,27.092464447021484,2.130000114440918,47.67501449584961,64.94041442871094,51.2054328918457,90.04000091552734,200.6941375732422,64.61769104003906,46.44680404663086,109.57392120361328,1.2799999713897705,1.5850000381469727,57.042686462402344
2019-12-31,1.5049999952316284,142.89999389648438,16.68000030517578,16.209999084472656,80.32746124267578,76.0395736694336,117.58155822753906,56.83000183105469,54.26010513305664,39.010345458984375,35.3270263671875,27.8886661529541,5.857402801513672,150.26004028320312,,,45.86000061035156,27.350444793701172,2.4019999504089355,52.53848648071289,66.53585815429688,52.79319381713867,92.39199829101562,204.28720092773438,71.00086212158203,52.57649612426758,122.72091674804688,0.8799999952316284,1.5199999809265137,54.98062515258789
2020-01-31,1.5099999904632568,149.3300018310547,16.81999969482422,14.489999771118164,80.424072265625,76.4798812866211,126.62496185302734,52.68129348754883,52.89535140991211,35.5322265625,33.86335372924805,43.371334075927734,5.885532855987549,162.1989288330078,,,47.0,26.410554885864258,2.7960000038146973,48.77669906616211,71.37344360351562,56.39213562011719,100.43599700927734,200.96286010742188,74.83560943603516,51.90192794799805,130.3868865966797,1.0399999618530273,0.9599999785423279,58.72319793701172
2020-02-29,1.2300000190734863,148.3800048828125,15.529999732971191,13.359999656677246,80.51908111572266,77.15032196044922,135.01580810546875,50.2231330871582,48.50801467895508,36.35480499267578,31.152572631835938,44.53266525268555,6.72696590423584,154.78836059570312,,,45.47999954223633,23.594327926635742,2.5380001068115234,48.68627166748047,66.65081024169922,49.21492385864258,94.1875,191.567138671875,66.25186157226562,51.38379669189453,118.38256072998047,0.8600000143051147,0.8999999761581421,54.388519287109375
2020-03-31,0.029999999329447746,148.0500030517578,13.050000190734863,9.300000190734863,80.68373107910156,78.11009979248047,143.62527465820312,42.87607955932617,45.23812484741211,33.56515884399414,25.655841827392578,34.93333435058594,6.5658111572265625,150.6800079345703,,,45.47999954223633,20.868993759155273,2.128000020980835,43.625396728515625,57.866416931152344,47.973907470703125,97.48600006103516,166.01756286621094,61.630027770996094,41.11876678466797,130.1992645263672,0.44999998807907104,0.875,37.62615203857422
2020-04-30,0.09000000357627869,158.8000030517578,13.979999542236328,8.479999542236328,80.66789245605469,78.3230972290039,145.37600708007812,47.17100143432617,47.40888977050781,34.503990173339844,27.012102127075195,52.12533187866211,7.280176639556885,171.22166442871094,,,52.38999938964844,23.907363891601562,2.2899999618530273,48.50004577636719,67.1151123046875,53.16841125488281,123.69999694824219,203.74972534179688,71.20572662353516,46.818302154541016,145.14138793945312,0.44999998807907104,1.4325000047683716,41.620052337646484
2020-05-31,0.12800000607967377,162.91000366210938,16.65999984741211,9.819999694824219,80.65380859375,78.26168823242188,142.81460571289062,48.94379806518555,50.75205612182617,34.915283203125,29.003013610839844,55.66666793823242,8.84291934967041,175.56919860839844,,,53.79999923706055,25.636911392211914,2.5959999561309814,45.944053649902344,71.10919189453125,56.098514556884766,122.11849975585938,224.0341339111328,77.26490783691406,46.83784866333008,144.2310028076172,0.699999988079071,1.0149999856948853,42.0916748046875
2020-06-30,0.13500000536441803,167.3699951171875,17.010000228881836,10.369999885559082,80.65380859375,78.27976989746094,143.29539489746094,52.20610809326172,50.70243453979492,35.79191589355469,31.200992584228516,71.98733520507812,9.467205047607422,194.98001098632812,,,52.61000061035156,28.06545639038086,2.8389999866485596,52.21026611328125,70.34730529785156,53.33504104614258,137.9409942626953,226.00485229492188,88.6526870727539,50.3670654296875,154.82080078125,0.9100000262260437,1.0850000381469727,45.45827102661133
2020-07-31,0.08299999684095383,185.42999267578125,22.649999618530273,10.75,80.66261291503906,78.35301971435547,149.65069580078125,55.06633758544922,50.157752990722656,37.297515869140625,32.096717834472656,95.38400268554688,10.580609321594238,196.41714477539062,,,77.43000030517578,28.16683006286621,3.0309998989105225,72.55358123779297,73.79845428466797,42.548580169677734,158.23399353027344,252.48004150390625,103.29207611083984,48.93974304199219,141.72259521484375,2.0299999713897705,1.002500057220459,46.05646514892578
2020-08-31,0.0949999988079071,184.8300018310547,26.229999542236328,11.25,80.66261291503906,78.33491516113281,142.09849548339844,57.634151458740234,53.56438064575195,39.63256072998047,33.457862854003906,166.10667419433594,13.331486701965332,216.59938049316406,,,90.81999969482422,30.870132446289062,2.739000082015991,72.88468933105469,81.32381439208984,45.72749328613281,172.54800415039062,291.8246154785156,125.66195678710938,44.49155807495117,140.61302185058594,2.4800000190734863,1.6699999570846558,47.751190185546875
2020-09-30,0.08500000089406967,177.1199951171875,21.639999389648438,10.75,80.64498901367188,78.33399963378906,143.19749450683594,59.7085075378418,54.53374481201172,37.86550521850586,32.07661056518555,143.00332641601562,13.491022109985352,202.0012664794922,9.5,,81.98999786376953,32.69232940673828,2.640000104904175,74.9434585571289,73.13360595703125,46.472415924072266,157.43649291992188,260.6714782714844,112.7782974243164,45.909122467041016,140.26242065429688,1.9600000381469727,2.549999952316284,46.945621490478516
2020-10-31,0.08299999684095383,176.1999969482422,21.989999771118164,10.380000114440918,80.65380859375,78.29779052734375,138.34999084472656,59.30643081665039,53.76748275756836,39.7587776184082,29.641080856323242,129.34666442871094,12.49742603302002,194.45252990722656,10.130000114440918,,75.29000091552734,31.37411117553711,2.2720000743865967,77.53185272216797,80.66841888427734,39.741172790527344,151.8074951171875,261.875732421875,106.01024627685547,49.21347427368164,123.62275695800781,2.1600000858306885,2.617500066757202,44.8918342590332
2020-11-30,0.07500000298023224,166.6699981689453,21.049999237060547,11.649999618530273,80.64498901367188,78.31498718261719,140.65199279785156,69.83354187011719,59.44519805908203,42.3733024597168,35.588706970214844,189.1999969482422,13.362395286560059,206.13143920898438,27.110000610351562,,92.66000366210938,36.035865783691406,2.821000099182129,89.68809509277344,87.62198638916016,43.709625244140625,158.40199279785156,275.6707763671875,116.13349151611328,62.65576171875,138.72579956054688,6.28000020980835,4.139999866485596,46.706233978271484
2020-12-31,0.06499999761581421,178.36000061035156,24.56999969482422,12.329999923706055,80.64762878417969,78.34669494628906,138.9253387451172,79.23918914794922,62.6167106628418,42.48915481567383,37.03522872924805,235.22332763671875,13.02075481414795,214.1717987060547,23.549999237060547,,91.70999908447266,39.62533950805664,3.1659998893737793,101.22502136230469,87.18107604980469,45.038536071777344,162.84649658203125,271.8786926269531,129.43931579589844,73.49758911132812,160.81329345703125,10.4399995803833,4.710000038146973,48.606040954589844
2021-01-31,0.04800000041723251,172.61000061035156,24.989999771118164,12.90999984741211,80.64762878417969,78.36486053466797,133.87841796875,81.12692260742188,62.08842468261719,45.17046356201172,36.183021545410156,264.510009765625,12.955674171447754,223.3579864501953,35.18000030517578,11.350000381469727,85.63999938964844,40.77016067504883,3.0999999046325684,112.8105697631836,91.35430908203125,50.18244552612305,160.30999755859375,257.1181945800781,128.7272186279297,76.51846313476562,198.08309936523438,20.739999771118164,81.25,46.353294372558594
2021-02-28,0.03500000014901161,161.80999755859375,24.65999984741211,14.239999771118164,80.63883209228516,78.31948852539062,126.2032470703125,81.00720977783203,63.228431701660156,44.90507888793945,37.709877014160156,225.1666717529297,13.678522109985352,224.27781677246094,23.899999618530273,14.470000267028809,84.51000213623047,42.52314376831055,3.263000011444092,116.91378784179688,101.3628921508789,55.280174255371094,154.64649963378906,256.4114990234375,118.46611022949219,89.4817123413086,195.9644775390625,30.149999618530273,25.434999465942383,47.47626495361328
2021-03-31,0.013000000268220901,159.9600067138672,22.700000762939453,13.970000267028809,80.62999725341797,78.27595520019531,119.58354949951172,82.60028076171875,63.506465911865234,42.69963455200195,39.52981185913086,222.64332580566406,13.317831993103027,227.54959106445312,23.290000915527344,10.770000457763672,78.5,42.289146423339844,3.9059998989105225,110.21649932861328,102.94391632080078,58.20880889892578,154.70399475097656,293.1484069824219,119.33560943603516,86.2359848022461,178.68167114257812,48.02000045776367,47.45500183105469,50.21296310424805
2021-04-30,0.003000000026077032,165.66000366210938,24.010000228881836,15.100000381469727,80.62999725341797,78.32041931152344,122.56724548339844,83.3922119140625,62.48697280883789,42.35188674926758,41.2705078125,236.47999572753906,14.975292205810547,243.387451171875,23.040000915527344,10.779999732971191,81.62000274658203,41.608734130859375,3.7019999027252197,108.78148651123047,119.93791198730469,52.32426452636719,173.37100219726562,323.5550537109375,128.43112182617188,84.14389038085938,174.80807495117188,36.779998779296875,43.397499084472656,54.86675262451172
2021-05-31,0.00800000037997961,178.3800048828125,25.899999618530273,15.460000038146973,80.62120056152344,78.36759948730469,122.56996154785156,84.74586486816406,63.56208419799805,42.315277099609375,43.17106246948242,208.4066619873047,16.207477569580078,241.53103637695312,22.950000762939453,9.979999542236328,80.08000183105469,43.079917907714844,3.4739999771118164,109.35923767089844,120.00959014892578,52.27133560180664,161.15350341796875,327.18798828125,121.94571685791016,82.257080078125,191.883056640625,24.770000457763672,55.5,54.45929718017578
2021-06-30,0.03999999910593033,165.6300048828125,24.219999313354492,16.09000015258789,80.60355377197266,78.23324584960938,127.98644256591797,85.80484771728516,63.05978012084961,42.53702926635742,42.088993072509766,226.56666564941406,19.961484909057617,262.0584411621094,26.360000610351562,10.6899995803833,93.93000030517578,43.831687927246094,3.5179998874664307,112.39786529541016,124.7252426147461,51.37452697753906,172.00799560546875,346.0789489746094,134.0316619873047,83.07829284667969,220.49163818359375,31.3700008392334,53.53499984741211,53.32282257080078
2021-07-31,0.03999999910593033,169.82000732421875,23.6299991607666,16.299999237060547,80.5947494506836,78.36310577392578,132.7432403564453,81.72547912597656,62.65830612182617,37.22105407714844,42.26873779296875,229.06666564941406,19.459020614624023,275.6112365722656,21.709999084472656,9.920000076293945,106.19000244140625,44.61854553222656,3.803999900817871,109.10525512695312,134.5835418701172,49.159950256347656,166.37950134277344,354.628662109375,142.74139404296875,75.84388732910156,233.9216766357422,27.6299991607666,40.279998779296875,56.34850311279297
2021-08-31,0.03999999910593033,169.69000244140625,22.139999389648438,15.90999984741211,80.5859603881836,78.33768463134766,132.2917022705078,79.82852935791016,63.862728118896484,37.58830261230469,43.08660888671875,245.24000549316406,22.343040466308594,292.58642578125,26.34000015258789,9.989999771118164,110.72000122070312,45.704132080078125,3.6540000438690186,111.32215881347656,144.7762908935547,49.79256820678711,173.5395050048828,377.6003723144531,148.80633544921875,72.05070495605469,248.9310760498047,40.59000015258789,54.560001373291016,58.0859489440918
2021-09-30,0.02800000086426735,164.22000122070312,20.520000457763672,16.860000610351562,80.5947494506836,78.25865936279297,128.44593811035156,74.27579498291016,65.59001159667969,35.74285888671875,40.761329650878906,258.49334716796875,20.67717170715332,273.2408447265625,24.040000915527344,10.399999618530273,102.9000015258789,44.902015686035156,3.6570000648498535,104.86656188964844,132.6372528076172,49.074134826660156,164.2519989013672,337.7979736328125,138.6820831298828,69.48858642578125,222.6781005859375,31.579999923706055,43.86750030517578,52.353424072265625
2021-10-31,0.04800000041723251,166.64999389648438,22.09000015258789,17.850000381469727,80.5859603881836,77.9960708618164,131.61216735839844,73.19840240478516,63.862728118896484,37.02824401855469,42.975341796875,371.3333435058594,25.519075393676758,321.4108581542969,25.8799991607666,15.039999961853027,120.2300033569336,49.22990036010742,3.5390000343322754,106.7920150756836,147.57151794433594,45.13200378417969,168.6215057373047,322.0521545410156,146.81675720214844,67.6480712890625,245.52896118164062,52.2400016784668,45.877498626708984,57.65655517578125
2021-11-30,0.04800000041723251,165.5,21.059999465942383,15.960000038146973,80.56832885742188,77.9515380859375,135.25978088378906,69.73600006103516,61.93003845214844,35.063438415527344,40.29332733154297,381.586669921875,32.61475372314453,320.998779296875,20.649999618530273,23.81999969482422,158.3699951171875,51.26791000366211,4.139999866485596,110.03238677978516,141.78045654296875,45.631351470947266,175.35350036621094,322.9379577636719,162.24452209472656,82.23501586914062,239.8286895751953,51.06999969482422,49.0525016784668,56.966026306152344
2021-12-31,0.032999999821186066,170.9600067138672,21.510000228881836,17.110000610351562,80.56832885742188,77.78607940673828,132.53591918945312,73.22944641113281,63.340206146240234,33.964576721191406,42.5325813293457,352.260009765625,29.359466552734375,326.5625305175781,18.209999084472656,16.700000762939453,143.89999389648438,62.007659912109375,4.394999980926514,113.46784973144531,143.99746704101562,47.764522552490234,166.7169952392578,334.772216796875,174.28773498535156,91.28997802734375,267.0757751464844,32.86000061035156,37.09749984741211,60.2511100769043
2022-01-31,0.17299999296665192,168.08999633789062,20.799999237060547,19.1200008392334,80.56832885742188,77.24956512451172,127.34864044189453,68.07601165771484,60.61589050292969,35.22733688354492,41.32023239135742,312.239990234375,24.443098068237305,301.9576721191406,13.710000038146973,11.4399995803833,114.25,54.596500396728516,4.052000045776367,115.6558837890625,135.0587921142578,45.27890396118164,149.57350158691406,311.79052734375,171.54928588867188,80.62722778320312,237.26641845703125,23.540000915527344,27.232500076293945,58.624778747558594
2022-02-28,0.2879999876022339,178.3800048828125,22.6200008392334,20.809999465942383,80.5506820678711,76.91571807861328,125.26898956298828,68.09483337402344,59.53751754760742,32.404693603515625,38.047794342041016,290.1433410644531,24.342273712158203,290.7212219238281,11.850000381469727,15.979999542236328,123.33999633789062,54.74187469482422,3.928999900817871,100.92423248291016,134.25511169433594,44.57715606689453,153.56300354003906,210.04006958007812,162.2743377685547,87.08564758300781,242.68431091308594,25.350000381469727,30.834999084472656,56.025962829589844
2022-03-31,0.49300000071525574,180.64999389648438,22.8799991607666,22.649999618530273,80.58773040771484,75.83753967285156,118.44883728027344,66.98515319824219,58.2794189453125,29.684185028076172,37.598487854003906,359.20001220703125,27.242826461791992,299.9841613769531,13.729999542236328,12.760000228881836,109.33999633789062,59.074886322021484,3.806999921798706,98.80486297607422,138.99118041992188,46.31538009643555,162.99749755859375,221.3169403076172,171.6007843017578,76.3346939086914,278.045654296875,27.950000762939453,41.64500045776367,58.9543571472168
2022-04-30,0.8080000281333923,176.91000366210938,21.040000915527344,23.68000030517578,80.57888793945312,75.4607162475586,107.28641510009766,62.66867446899414,53.55916976928711,28.727828979492188,34.683807373046875,290.2533264160156,18.517656326293945,270.025634765625,10.399999618530273,7.869999885559082,85.5199966430664,52.011383056640625,4.210000038146973,88.06767272949219,114.42453002929688,40.736228942871094,124.28150177001953,199.52963256835938,154.9330596923828,66.91971588134766,283.6382141113281,15.600000381469727,31.267499923706055,59.20652770996094
2022-05-31,1.0299999713897705,171.13999938964844,19.84000015258789,25.040000915527344,80.60535430908203,75.91061401367188,104.86892700195312,63.98524475097656,54.48619079589844,29.582048416137695,36.41069030761719,252.75332641601562,18.642459869384766,265.144287109375,8.680000305175781,5.75,101.86000061035156,54.426239013671875,5.00600004196167,90.31368255615234,113.50140380859375,41.84002685546875,120.20950317382812,192.73165893554688,146.4898223876953,72.4644546508789,305.35430908203125,10.229999542236328,31.184999465942383,58.44156265258789
2022-06-30,1.600000023841858,168.4600067138672,18.639999389648438,23.100000381469727,80.66796875,75.45943450927734,103.53230285644531,54.72224044799805,50.459529876708984,31.620624542236328,32.476375579833984,224.47332763671875,15.138215065002441,250.47637939453125,9.069999694824219,4.380000114440918,76.47000122070312,45.95524597167969,4.034999847412109,77.88069915771484,108.85689544677734,35.2371826171875,106.20999908447266,160.4935760498047,134.5612030029297,54.25020217895508,315.8659973144531,5.340000152587891,30.575000762939453,58.685630798339844
2022-07-31,2.2980000972747803,164.10000610351562,18.700000762939453,22.93000030517578,80.69707489013672,75.7686996459961,106.0491943359375,56.94160079956055,53.63056945800781,28.328947067260742,34.06332015991211,297.1499938964844,18.138099670410156,273.7949523925781,10.350000381469727,5.400000095367432,94.47000122070312,50.653778076171875,5.401000022888184,84.29216766357422,116.09013366699219,34.20106887817383,134.9499969482422,158.3536834716797,159.9439697265625,60.82648849487305,321.1850891113281,12.989999771118164,34.0099983215332,63.82717514038086
2022-08-31,2.859999895095825,159.27000427246094,16.579999923706055,22.25,80.85338592529297,75.15496826171875,101.22066497802734,54.45893096923828,51.18543243408203,28.170421600341797,31.589553833007812,275.6099853515625,15.073305130004883,255.5428924560547,7.71999979019165,5.940000057220459,84.87000274658203,47.213356018066406,6.507999897003174,79.40495300292969,108.63545227050781,30.36957550048828,126.7699966430664,162.16571044921875,154.95242309570312,55.585533142089844,294.4172668457031,11.850000381469727,28.639999389648438,59.11404037475586
2022-09-30,3.180000066757202,154.6699981689453,17.5,20.579999923706055,81.02055358886719,74.25885772705078,92.88504028320312,44.53764343261719,46.658111572265625,24.114107131958008,28.85700225830078,265.25,12.125960350036621,227.62051391601562,8.130000114440918,5.070000171661377,63.36000061035156,42.35335922241211,5.506999969482422,65.68439483642578,95.69673919677734,24.518291473388672,113.0,135.0435333251953,136.20677185058594,49.262962341308594,316.0370178222656,10.710000038146973,25.1299991607666,50.603736877441406
2022-10-31,3.9749999046325684,151.91000366210938,17.6200008392334,21.850000381469727,81.14900207519531,74.16546630859375,87.34497833251953,48.72245407104492,47.74696350097656,19.53559684753418,32.14985275268555,227.5399932861328,13.482500076293945,226.8679656982422,8.789999961853027,5.889999866485596,60.060001373291016,44.84394454956055,6.959000110626221,58.968414306640625,94.21376037597656,27.049089431762695,102.44000244140625,92.7229995727539,151.12840270996094,53.30837631225586,353.9009094238281,13.109999656677246,28.309999465942383,54.35888671875
2022-11-30,4.252999782562256,164.80999755859375,20.43000030517578,21.59000015258789,81.40478515625,74.68003845214844,93.59107208251953,57.082664489746094,53.29627227783203,26.25882339477539,37.572265625,194.6999969482422,16.909143447875977,250.05908203125,7.5,5.159999847412109,77.62999725341797,52.56181716918945,9.02299976348877,79.49956512451172,100.97175598144531,28.995832443237305,96.54000091552734,117.5459976196289,146.1370086669922,56.806434631347656,363.6992492675781,6.320000171661377,26.209999084472656,55.27729415893555
2022-12-31,4.260000228881836,169.63999938964844,22.020000457763672,21.229999542236328,81.69993591308594,74.76792907714844,91.1389389038086,53.75795364379883,52.114253997802734,26.947921752929688,36.46194076538086,123.18000030517578,14.602036476135254,235.04415893554688,6.420000076293945,3.450000047683716,64.7699966430664,53.77946853637695,8.210000038146973,71.7701644897461,88.31171417236328,25.48586082458496,84.0,119.77549743652344,128.26846313476562,49.36073684692383,358.5635070800781,3.4200000762939453,18.459999084472656,55.80984115600586
2023-01-31,4.570000171661377,179.41000366210938,21.829999923706055,21.209999084472656,81.93215942382812,75.34823608398438,98.10527801513672,60.41107177734375,56.163543701171875,30.28070640563965,41.03145980834961,173.22000122070312,19.521005630493164,242.87506103515625,7.78000020980835,4.440000057220459,75.1500015258789,56.268714904785156,7.232999801635742,89.34417724609375,99.39920043945312,27.250490188598633,103.12999725341797,148.2711944580078,142.44480895996094,59.55286407470703,337.3049011230469,7.210000038146973,21.8700008392334,59.90134048461914
2023-02-28,4.710000038146973,169.77999877929688,19.219999313354492,20.309999465942383,82.21546936035156,74.74100494384766,93.34661102294922,55.680599212646484,53.5501708984375,26.62416648864746,40.371944427490234,205.7100067138672,23.196992874145508,245.06527709960938,7.840000152587891,4.739999771118164,78.58000183105469,57.16130447387695,9.79699993133545,83.89083862304688,89.87432098388672,24.33236312866211,94.2300033569336,174.119384765625,145.74713134765625,57.10359191894531,306.01678466796875,7.099999904632568,19.229999542236328,56.69813537597656
2023-03-31,4.585000038146973,183.22000122070312,22.1200008392334,20.1200008392334,82.54360961914062,75.97269439697266,97.86399841308594,58.269508361816406,56.18268966674805,28.119159698486328,42.44023132324219,207.4600067138672,27.758970260620117,283.2664489746094,8.449999809265137,6.150000095367432,98.01000213623047,62.1501350402832,10.654999732971191,90.09015655517578,103.50973510742188,31.886812210083008,103.29000091552734,210.94581604003906,163.03981018066406,59.592369079589844,337.6784973144531,8.720000267028809,23.020000457763672,56.3691520690918
2023-04-30,4.922999858856201,184.8000030517578,23.0,19.90999984741211,82.84326171875,76.15804290771484,98.19511413574219,57.74601364135742,56.3262825012207,26.976491928100586,43.782440185546875,164.30999755859375,27.73099136352539,301.8954162597656,7.75,5.510000228881836,89.37000274658203,60.693115234375,10.543000221252441,81.6447982788086,107.7098388671875,30.315412521362305,105.44999694824219,239.19268798828125,167.76589965820312,63.69101333618164,389.2416687011719,10.069999694824219,19.290000915527344,56.17180252075195
2023-05-31,5.248000144958496,182.32000732421875,21.610000610351562,18.670000076293945,83.15404510498047,75.87100219726562,95.2342300415039,59.75432205200195,56.8049201965332,24.7292423248291,41.627342224121094,203.92999267578125,37.809444427490234,323.3618469238281,14.710000038146973,10.789999961853027,118.20999908447266,78.2723159790039,22.395000457763672,95.48471069335938,122.78842163085938,30.81196403503418,120.58000183105469,263.4782409667969,175.492919921875,67.4911117553711,423.3782958984375,9.789999961853027,24.049999237060547,53.36354446411133
2023-06-30,5.1529998779296875,178.27000427246094,20.889999389648438,19.489999771118164,83.53707122802734,75.49574279785156,95.44099426269531,60.325408935546875,59.663475036621094,26.034194946289062,44.357513427734375,261.7699890136719,42.27891540527344,335.3258361816406,15.329999923706055,13.529999732971191,113.91000366210938,84.48125457763672,24.924999237060547,98.15068817138672,120.39974212646484,32.772010803222656,130.36000061035156,285.6338195800781,192.04718017578125,62.45400619506836,462.3387145996094,13.859999656677246,24.25,53.90692138671875
2023-07-31,5.248000144958496,182.35000610351562,22.690000534057617,21.600000381469727,83.85954284667969,75.72540283203125,93.01274108886719,64.31346893310547,61.12854766845703,29.12689208984375,45.37046813964844,267.42999267578125,46.70349884033203,330.7765808105469,19.84000015258789,19.25,114.4000015258789,87.52184295654297,33.027000427246094,96.42926788330078,132.48251342773438,35.05546951293945,133.67999267578125,317.1054992675781,194.50257873535156,70.7808837890625,448.1130065917969,17.3700008392334,22.200000762939453,55.20071029663086
2023-08-31,5.297999858856201,180.02000427246094,22.389999389648438,21.700000762939453,84.27605438232422,76.03614044189453,90.09020233154297,59.44022750854492,59.412864685058594,26.235267639160156,43.00692367553711,258.0799865722656,49.328067779541016,323.4248046875,14.979999542236328,17.190000534057617,105.72000122070312,89.88265991210938,27.507999420166016,91.00238037109375,136.70252990722656,34.56195068359375,138.00999450683594,294.50201416015625,186.2588348388672,69.34326171875,547.5231323242188,12.569999694824219,18.549999237060547,50.967899322509766
2023-09-30,5.300000190734863,171.4499969482422,20.34000015258789,22.510000228881836,84.61241149902344,75.9760971069336,82.927001953125,56.099388122558594,58.11164474487305,25.402252197265625,40.639251708984375,250.22000122070312,43.478851318359375,311.57366943359375,16.0,14.880000114440918,102.81999969482422,81.33290100097656,27.422000885009766,84.95407104492188,131.2284393310547,34.965206146240234,127.12000274658203,298.8017578125,169.74168395996094,67.4495620727539,530.6586303710938,8.5,16.459999084472656,45.65553665161133
2023-10-31,5.320000171661377,184.08999633789062,20.979999542236328,21.6299991607666,84.97706604003906,76.22914123535156,78.39655303955078,52.30168914794922,56.82969665527344,24.435184478759766,39.807308197021484,200.83999633789062,40.761112213134766,333.63787841796875,14.800000190734863,9.640000343322754,98.5,82.3895034790039,23.94700050354004,84.37728118896484,124.7093276977539,35.899574279785156,133.08999633789062,299.8567810058594,169.3054656982422,66.41004943847656,547.2562866210938,8.8100004196167,13.770000457763672,43.55642318725586
2023-11-30,5.23799991607666,188.75,23.1299991607666,20.68000030517578,85.37491607666016,77.03106689453125,86.17654418945312,60.001792907714844,60.34782028198242,24.09048843383789,44.23786926269531,240.0800018310547,46.74833297729492,374.6571350097656,20.049999237060547,12.229999542236328,121.16000366210938,90.65028381347656,27.347000122070312,95.13095092773438,133.28866577148438,44.1092529296875,146.08999633789062,325.6153564453125,188.56907653808594,75.596435546875,584.998046875,11.970000267028809,14.550000190734863,49.843162536621094
2023-12-31,5.179999828338623,191.1699981689453,21.780000686645508,20.059999465942383,85.73991394042969,77.88104248046875,93.66162109375,63.999629974365234,62.6899299621582,23.600486755371094,46.366512298583984,248.47999572753906,49.50341033935547,371.8193664550781,17.170000076293945,12.390000343322754,147.41000366210938,109.80919647216797,28.426000595092773,102.15028381347656,140.26564025878906,49.58590316772461,151.94000244140625,352.29962158203125,191.13031005859375,84.86649322509766,576.9611206054688,23.489999771118164,17.530000686645508,53.27288818359375
2024-01-31,5.188000202178955,188.4499969482422,20.90999984741211,20.940000534057617,86.10578918457031,78.12786102294922,91.55879211425781,58.08115768432617,64.71312713623047,21.37105941772461,46.40530014038086,187.2899932861328,61.503902435302734,393.11761474609375,16.09000015258789,10.270000457763672,167.69000244140625,116.08048248291016,52.96099853515625,110.95093536376953,141.1315460205078,42.51066207885742,155.1999969482422,388.3099365234375,183.05943298339844,85.27420806884766,639.01025390625,17.729999542236328,14.229999542236328,50.697853088378906
2024-02-29,5.2230000495910645,189.30999755859375,20.729999542236328,21.1200008392334,86.48838806152344,77.8250732421875,89.49669647216797,62.612796783447266,67.5573501586914,23.001388549804688,49.17894744873047,201.8800048828125,79.08230590820312,409.7536926269531,25.079999923706055,10.359999656677246,192.52999877929688,127.9334945678711,86.61199951171875,126.38152313232422,139.1210479736328,42.60557556152344,176.75999450683594,488.34844970703125,179.66493225097656,90.10725402832031,747.2830810546875,25.899999618530273,14.270000457763672,48.81378936767578
2024-03-31,5.203000068664551,205.72000122070312,22.75,22.059999465942383,86.8431396484375,78.09244537353516,90.19732666015625,65.54273223876953,69.73692321777344,23.639768600463867,51.06038284301758,175.7899932861328,90.3263168334961,416.76715087890625,23.010000228881836,9.989999771118164,180.49000549316406,130.94021606445312,101.00299835205078,134.1729278564453,151.542236328125,43.714012145996094,180.3800048828125,483.8149719238281,170.4505615234375,117.34905242919922,771.35693359375,22.579999923706055,12.520000457763672,50.92129135131836
2024-04-30,5.244999885559082,211.8699951171875,24.049999237060547,22.270000457763672,87.21846771240234,77.74755096435547,84.37468719482422,61.57754898071289,65.74916076660156,25.034387588500977,49.06849670410156,183.27999877929688,86.37361907958984,385.6720886230469,21.969999313354492,8.550000190734863,158.3800048828125,128.45660400390625,85.87999725341797,135.4451141357422,163.86386108398438,30.155445098876953,175.0,428.6064147949219,169.3074951171875,112.4416732788086,774.4703369140625,16.059999465942383,11.09000015258789,50.63380813598633
2024-05-31,5.244999885559082,215.3000030517578,27.760000228881836,21.950000762939453,87.61732482910156,78.30695343017578,86.8105697631836,60.727867126464844,67.41073608398438,26.154010772705078,51.42961502075195,178.0800018310547,109.59699249267578,411.971435546875,21.68000030517578,8.149999618530273,166.89999389648438,131.25042724609375,78.45099639892578,148.95608520507812,173.13992309570312,30.655534744262695,176.44000244140625,465.13311767578125,191.35508728027344,124.42642974853516,814.7637329101562,19.520000457763672,23.139999389648438,50.17985916137695
2024-06-30,5.2129998207092285,215.00999450683594,26.56999969482422,22.149999618530273,87.9671630859375,78.73316955566406,88.38803100585938,64.54654693603516,67.19046020507812,25.60681915283203,49.65608215332031,197.8800048828125,123.50955963134766,443.5493469238281,25.329999923706055,7.03000020980835,162.2100067138672,159.1175537109375,81.93499755859375,171.95269775390625,182.76307678222656,30.774776458740234,193.25,502.8860168457031,209.63955688476562,130.92645263671875,899.2256469726562,19.850000381469727,24.690000534057617,50.20171356201172
2024-07-31,5.135000228881836,226.5500030517578,26.389999389648438,21.510000228881836,88.36376190185547,79.66195678710938,91.59648895263672,64.99581146240234,69.87847137451172,25.301389694213867,49.93399429321289,232.07000732421875,116.99115753173828,415.1669616699219,26.889999389648438,8.149999618530273,144.47999572753906,159.24342346191406,70.16500091552734,164.02830505371094,172.52984619140625,30.546226501464844,186.97999572753906,473.57379150390625,221.04623413085938,109.41169738769531,798.8029174804688,19.670000076293945,22.670000076293945,54.85634994506836
2024-08-31,4.9679999351501465,231.2899932861328,26.350000381469727,21.040000915527344,88.77174377441406,80.37247467041016,93.5302734375,63.970333099365234,70.86309051513672,26.069889068603516,52.137393951416016,214.11000061035156,119.34059143066406,414.7122802734375,31.479999542236328,7.420000076293945,148.55999755859375,161.3643035888672,43.77000045776367,169.865234375,164.51864624023438,22.040000915527344,178.5,519.9308471679688,228.19786071777344,95.88218688964844,954.8265380859375,16.700000762939453,23.420000076293945,59.59954833984375
2024-09-30,4.498000144958496,243.05999755859375,28.40999984741211,21.0,89.14653778076172,80.99394226074219,95.40036010742188,62.4662971496582,70.43970489501953,31.31145668029785,52.92854690551758,261.6300048828125,121.42046356201172,427.795654296875,37.20000076293945,8.739999771118164,164.0800018310547,171.52003479003906,41.63999938964844,172.4483642578125,166.8105010986328,23.459999084472656,186.3300018310547,571.47021484375,232.18385314941406,103.32441711425781,881.1472778320312,16.219999313354492,22.93000030517578,61.11539077758789
2024-10-31,4.432000160217285,253.50999450683594,29.809999465942383,21.299999237060547,89.49849700927734,80.48869323730469,90.19638061523438,58.51087951660156,67.0230712890625,31.094697952270508,49.95603561401367,249.85000610351562,132.7386474609375,403.985107421875,41.560001373291016,15.029999732971191,144.07000732421875,168.8055419921875,29.110000610351562,189.19967651367188,172.2980194091797,21.520000457763672,186.39999389648438,566.6184692382812,225.11868286132812,99.39128875732422,825.2512817382812,16.770000457763672,22.18000030517578,57.451717376708984
2024-11-30,4.373000144958496,245.58999633789062,27.920000076293945,21.139999389648438,89.83029174804688,80.72698211669922,91.98877716064453,56.08879852294922,68.61815643310547,29.863126754760742,48.28586196899414,345.1600036621094,138.22776794433594,421.83819580078125,67.08000183105469,36.5,137.17999267578125,161.15924072265625,32.63999938964844,183.36105346679688,170.10301208496094,24.049999237060547,207.88999938964844,573.3470458984375,236.75888061523438,97.6957015991211,792.357421875,27.420000076293945,29.049999237060547,56.26975631713867
2024-12-31,4.182000160217285,240.6300048828125,26.43000030517578,21.65999984741211,90.17269134521484,80.87979888916016,86.58245849609375,51.189998626708984,67.16000366210938,30.489999771118164,48.05440902709961,417.4100036621094,137.47735595703125,423.2029113769531,77.18000030517578,44.290000915527344,122.44000244140625,234.86929321289062,30.68000030517578,199.6122589111328,192.47073364257812,19.81999969482422,221.3000030517578,590.7144165039062,251.5930938720703,85.19906616210938,770.928466796875,17.290000915527344,32.0099983215332,51.48897933959961
